﻿<?xml version="1.0" encoding="utf-8"?>
<helpItems xmlns="http://msh" schema="maml">

<command:command xmlns:maml="http://schemas.microsoft.com/maml/2004/10" xmlns:command="http://schemas.microsoft.com/maml/dev/command/2004/10" xmlns:dev="http://schemas.microsoft.com/maml/dev/2004/10" xmlns:MSHelp="http://msdn.microsoft.com/mshelp">
<command:details><command:name>Get-CMInstance</command:name>
<command:verb>Get</command:verb>
<command:noun>CMInstance</command:noun>
<maml:description><maml:para>Returns a ConfigMgr object.
</maml:para>
</maml:description>
</command:details>
<maml:description><maml:para>Returns one or several ConfigMgr objects. Results can be limited by a Filter.
</maml:para>
</maml:description>
<command:syntax><command:syntaxItem><maml:name>Get-CMInstance</maml:name>
<command:parameter required="true" variableLength="true" globbing="false" pipelineInput="True (ByPropertyName, ByValue)" position="1" aliases="Class"><maml:name>ClassName</maml:name>
<maml:Description><maml:para>Specifies the ConfigMgr WMI provider Class Name
</maml:para>
</maml:Description>
<command:parameterValue required="true" variableLength="false">String</command:parameterValue>
<dev:type><maml:name>String</maml:name>
<maml:uri /></dev:type>
<dev:defaultValue>None</dev:defaultValue>
</command:parameter>
<command:parameter required="false" variableLength="true" globbing="false" pipelineInput="True (ByPropertyName)" position="2" aliases="none"><maml:name>Filter</maml:name>
<maml:Description><maml:para>Specifies the Where clause to filter the specified ConfigMgr WMI provider class. If no filter is supplied, all objects will be returned.
</maml:para>
</maml:Description>
<command:parameterValue required="true" variableLength="false">String</command:parameterValue>
<dev:type><maml:name>String</maml:name>
<maml:uri /></dev:type>
<dev:defaultValue>None</dev:defaultValue>
</command:parameter>
<command:parameter required="false" variableLength="true" globbing="false" pipelineInput="False" position="named" aliases="Lazy"><maml:name>IncludeLazy</maml:name>
<maml:Description><maml:para>Specifies if the lazy properties shall be fetched as well. On default, lazy properties won't be included in the result.
</maml:para>
</maml:Description>
<dev:type><maml:name>SwitchParameter</maml:name>
<maml:uri /></dev:type>
<dev:defaultValue>False</dev:defaultValue>
</command:parameter>
</command:syntaxItem>
</command:syntax>
<command:parameters><command:parameter required="true" variableLength="true" globbing="false" pipelineInput="True (ByPropertyName, ByValue)" position="1" aliases="Class"><maml:name>ClassName</maml:name>
<maml:Description><maml:para>Specifies the ConfigMgr WMI provider Class Name
</maml:para>
</maml:Description>
<command:parameterValue required="true" variableLength="false">String</command:parameterValue>
<dev:type><maml:name>String</maml:name>
<maml:uri /></dev:type>
<dev:defaultValue>None</dev:defaultValue>
</command:parameter>
<command:parameter required="false" variableLength="true" globbing="false" pipelineInput="True (ByPropertyName)" position="2" aliases="none"><maml:name>Filter</maml:name>
<maml:Description><maml:para>Specifies the Where clause to filter the specified ConfigMgr WMI provider class. If no filter is supplied, all objects will be returned.
</maml:para>
</maml:Description>
<command:parameterValue required="true" variableLength="false">String</command:parameterValue>
<dev:type><maml:name>String</maml:name>
<maml:uri /></dev:type>
<dev:defaultValue>None</dev:defaultValue>
</command:parameter>
<command:parameter required="false" variableLength="true" globbing="false" pipelineInput="False" position="named" aliases="Lazy"><maml:name>IncludeLazy</maml:name>
<maml:Description><maml:para>Specifies if the lazy properties shall be fetched as well. On default, lazy properties won't be included in the result.
</maml:para>
</maml:Description>
<command:parameterValue required="false" variableLength="false">SwitchParameter</command:parameterValue>
<dev:type><maml:name>SwitchParameter</maml:name>
<maml:uri /></dev:type>
<dev:defaultValue>False</dev:defaultValue>
</command:parameter>
</command:parameters>
<command:inputTypes></command:inputTypes>
<command:returnValues></command:returnValues>
<maml:alertSet><maml:alert><maml:para>
</maml:para>
</maml:alert>
</maml:alertSet>
<command:examples><command:example><maml:title>-------------------------- EXAMPLE 1 --------------------------</maml:title>
<dev:code>Get-CMInstance -ClassName SMS_Package</dev:code>
<dev:remarks><maml:para>Returns a list of ConfigMgr packages.
</maml:para>
</dev:remarks>
</command:example>
<command:example><maml:title>-------------------------- EXAMPLE 2 --------------------------</maml:title>
<dev:code>Get-CMInstance -ClassName SMS_Package -Filter "PackageID = 'TST00001'"</dev:code>
<dev:remarks><maml:para>Returns a ConfigMgr Package with PackageID 'TST00001'.
</maml:para>
</dev:remarks>
</command:example>
</command:examples>
<command:relatedLinks></command:relatedLinks>
</command:command>
<command:command xmlns:maml="http://schemas.microsoft.com/maml/2004/10" xmlns:command="http://schemas.microsoft.com/maml/dev/command/2004/10" xmlns:dev="http://schemas.microsoft.com/maml/dev/2004/10" xmlns:MSHelp="http://msdn.microsoft.com/mshelp">
<command:details><command:name>Get-CMPackage</command:name>
<command:verb>Get</command:verb>
<command:noun>CMPackage</command:noun>
<maml:description><maml:para>Gets a ConfigMgr package.
</maml:para>
</maml:description>
</command:details>
<maml:description><maml:para>Gets a ConfigMgr package.
</maml:para>
</maml:description>
<command:syntax><command:syntaxItem><maml:name>Get-CMPackage</maml:name>
<command:parameter required="true" variableLength="true" globbing="false" pipelineInput="True (ByPropertyName, ByValue)" position="named" aliases="PackageID"><maml:name>ID</maml:name>
<maml:Description><maml:para>Specifies the PackageID
</maml:para>
</maml:Description>
<command:parameterValue required="true" variableLength="false">String</command:parameterValue>
<dev:type><maml:name>String</maml:name>
<maml:uri /></dev:type>
<dev:defaultValue>None</dev:defaultValue>
</command:parameter>
<command:parameter required="false" variableLength="true" globbing="false" pipelineInput="False" position="named" aliases="FolderID, Folder"><maml:name>ParentID</maml:name>
<maml:Description><maml:para>Specifies the Folder ID
</maml:para>
</maml:Description>
<command:parameterValue required="true" variableLength="false">String</command:parameterValue>
<dev:type><maml:name>String</maml:name>
<maml:uri /></dev:type>
<dev:defaultValue>None</dev:defaultValue>
</command:parameter>
<command:parameter required="true" variableLength="true" globbing="false" pipelineInput="False" position="named" aliases="PackageType"><maml:name>Type</maml:name>
<maml:Description><maml:para>Specifies the Package Type
</maml:para>
</maml:Description>
<command:parameterValue required="true" variableLength="false">String</command:parameterValue>
<dev:type><maml:name>String</maml:name>
<maml:uri /></dev:type>
<dev:defaultValue>None</dev:defaultValue>
</command:parameter>
</command:syntaxItem>
<command:syntaxItem><maml:name>Get-CMPackage</maml:name>
<command:parameter required="true" variableLength="true" globbing="false" pipelineInput="True (ByPropertyName)" position="named" aliases="PackageName"><maml:name>Name</maml:name>
<maml:Description><maml:para>Specifies the Package Name If Search is set, the name can include the default WQL placeholders [],^,% and _
</maml:para>
</maml:Description>
<command:parameterValue required="true" variableLength="false">String[]</command:parameterValue>
<dev:type><maml:name>String[]</maml:name>
<maml:uri /></dev:type>
<dev:defaultValue>None</dev:defaultValue>
</command:parameter>
<command:parameter required="false" variableLength="true" globbing="false" pipelineInput="False" position="named" aliases="none"><maml:name>Search</maml:name>
<maml:Description><maml:para>Specifies if Name contains a search string
</maml:para>
</maml:Description>
<dev:type><maml:name>SwitchParameter</maml:name>
<maml:uri /></dev:type>
<dev:defaultValue>False</dev:defaultValue>
</command:parameter>
<command:parameter required="false" variableLength="true" globbing="false" pipelineInput="False" position="named" aliases="FolderID, Folder"><maml:name>ParentID</maml:name>
<maml:Description><maml:para>Specifies the Folder ID
</maml:para>
</maml:Description>
<command:parameterValue required="true" variableLength="false">String</command:parameterValue>
<dev:type><maml:name>String</maml:name>
<maml:uri /></dev:type>
<dev:defaultValue>None</dev:defaultValue>
</command:parameter>
<command:parameter required="true" variableLength="true" globbing="false" pipelineInput="False" position="named" aliases="PackageType"><maml:name>Type</maml:name>
<maml:Description><maml:para>Specifies the Package Type
</maml:para>
</maml:Description>
<command:parameterValue required="true" variableLength="false">String</command:parameterValue>
<dev:type><maml:name>String</maml:name>
<maml:uri /></dev:type>
<dev:defaultValue>None</dev:defaultValue>
</command:parameter>
</command:syntaxItem>
<command:syntaxItem><maml:name>Get-CMPackage</maml:name>
<command:parameter required="false" variableLength="true" globbing="false" pipelineInput="False" position="named" aliases="FolderID, Folder"><maml:name>ParentID</maml:name>
<maml:Description><maml:para>Specifies the Folder ID
</maml:para>
</maml:Description>
<command:parameterValue required="true" variableLength="false">String</command:parameterValue>
<dev:type><maml:name>String</maml:name>
<maml:uri /></dev:type>
<dev:defaultValue>None</dev:defaultValue>
</command:parameter>
<command:parameter required="true" variableLength="true" globbing="false" pipelineInput="False" position="named" aliases="none"><maml:name>CIID</maml:name>
<maml:Description><maml:para>Specifies the CIID of assigned content.
</maml:para>
</maml:Description>
<command:parameterValue required="true" variableLength="false">String</command:parameterValue>
<dev:type><maml:name>String</maml:name>
<maml:uri /></dev:type>
<dev:defaultValue>None</dev:defaultValue>
</command:parameter>
<command:parameter required="true" variableLength="true" globbing="false" pipelineInput="False" position="named" aliases="PackageType"><maml:name>Type</maml:name>
<maml:Description><maml:para>Specifies the Package Type
</maml:para>
</maml:Description>
<command:parameterValue required="true" variableLength="false">String</command:parameterValue>
<dev:type><maml:name>String</maml:name>
<maml:uri /></dev:type>
<dev:defaultValue>None</dev:defaultValue>
</command:parameter>
</command:syntaxItem>
<command:syntaxItem><maml:name>Get-CMPackage</maml:name>
<command:parameter required="false" variableLength="true" globbing="false" pipelineInput="False" position="named" aliases="FolderID, Folder"><maml:name>ParentID</maml:name>
<maml:Description><maml:para>Specifies the Folder ID
</maml:para>
</maml:Description>
<command:parameterValue required="true" variableLength="false">String</command:parameterValue>
<dev:type><maml:name>String</maml:name>
<maml:uri /></dev:type>
<dev:defaultValue>None</dev:defaultValue>
</command:parameter>
<command:parameter required="true" variableLength="true" globbing="false" pipelineInput="False" position="named" aliases="none"><maml:name>Filter</maml:name>
<maml:Description><maml:para>Specifies a custom filter to use
</maml:para>
</maml:Description>
<command:parameterValue required="true" variableLength="false">String</command:parameterValue>
<dev:type><maml:name>String</maml:name>
<maml:uri /></dev:type>
<dev:defaultValue>None</dev:defaultValue>
</command:parameter>
</command:syntaxItem>
</command:syntax>
<command:parameters><command:parameter required="true" variableLength="true" globbing="false" pipelineInput="True (ByPropertyName, ByValue)" position="named" aliases="PackageID"><maml:name>ID</maml:name>
<maml:Description><maml:para>Specifies the PackageID
</maml:para>
</maml:Description>
<command:parameterValue required="true" variableLength="false">String</command:parameterValue>
<dev:type><maml:name>String</maml:name>
<maml:uri /></dev:type>
<dev:defaultValue>None</dev:defaultValue>
</command:parameter>
<command:parameter required="true" variableLength="true" globbing="false" pipelineInput="True (ByPropertyName)" position="named" aliases="PackageName"><maml:name>Name</maml:name>
<maml:Description><maml:para>Specifies the Package Name If Search is set, the name can include the default WQL placeholders [],^,% and _
</maml:para>
</maml:Description>
<command:parameterValue required="true" variableLength="false">String[]</command:parameterValue>
<dev:type><maml:name>String[]</maml:name>
<maml:uri /></dev:type>
<dev:defaultValue>None</dev:defaultValue>
</command:parameter>
<command:parameter required="false" variableLength="true" globbing="false" pipelineInput="False" position="named" aliases="none"><maml:name>Search</maml:name>
<maml:Description><maml:para>Specifies if Name contains a search string
</maml:para>
</maml:Description>
<command:parameterValue required="false" variableLength="false">SwitchParameter</command:parameterValue>
<dev:type><maml:name>SwitchParameter</maml:name>
<maml:uri /></dev:type>
<dev:defaultValue>False</dev:defaultValue>
</command:parameter>
<command:parameter required="false" variableLength="true" globbing="false" pipelineInput="False" position="named" aliases="FolderID, Folder"><maml:name>ParentID</maml:name>
<maml:Description><maml:para>Specifies the Folder ID
</maml:para>
</maml:Description>
<command:parameterValue required="true" variableLength="false">String</command:parameterValue>
<dev:type><maml:name>String</maml:name>
<maml:uri /></dev:type>
<dev:defaultValue>None</dev:defaultValue>
</command:parameter>
<command:parameter required="true" variableLength="true" globbing="false" pipelineInput="False" position="named" aliases="none"><maml:name>CIID</maml:name>
<maml:Description><maml:para>Specifies the CIID of assigned content.
</maml:para>
</maml:Description>
<command:parameterValue required="true" variableLength="false">String</command:parameterValue>
<dev:type><maml:name>String</maml:name>
<maml:uri /></dev:type>
<dev:defaultValue>None</dev:defaultValue>
</command:parameter>
<command:parameter required="true" variableLength="true" globbing="false" pipelineInput="False" position="named" aliases="PackageType"><maml:name>Type</maml:name>
<maml:Description><maml:para>Specifies the Package Type
</maml:para>
</maml:Description>
<command:parameterValue required="true" variableLength="false">String</command:parameterValue>
<dev:type><maml:name>String</maml:name>
<maml:uri /></dev:type>
<dev:defaultValue>None</dev:defaultValue>
</command:parameter>
<command:parameter required="true" variableLength="true" globbing="false" pipelineInput="False" position="named" aliases="none"><maml:name>Filter</maml:name>
<maml:Description><maml:para>Specifies a custom filter to use
</maml:para>
</maml:Description>
<command:parameterValue required="true" variableLength="false">String</command:parameterValue>
<dev:type><maml:name>String</maml:name>
<maml:uri /></dev:type>
<dev:defaultValue>None</dev:defaultValue>
</command:parameter>
</command:parameters>
<command:inputTypes></command:inputTypes>
<command:returnValues></command:returnValues>
<maml:alertSet><maml:alert><maml:para>
</maml:para>
</maml:alert>
</maml:alertSet>
<command:examples><command:example><maml:title>-------------------------- EXAMPLE 1 --------------------------</maml:title>
<dev:code></dev:code>
<dev:remarks><maml:para>
</maml:para>
</dev:remarks>
</command:example>
</command:examples>
<command:relatedLinks></command:relatedLinks>
</command:command>
<command:command xmlns:maml="http://schemas.microsoft.com/maml/2004/10" xmlns:command="http://schemas.microsoft.com/maml/dev/command/2004/10" xmlns:dev="http://schemas.microsoft.com/maml/dev/2004/10" xmlns:MSHelp="http://msdn.microsoft.com/mshelp">
<command:details><command:name>Get-CMUserDeviceAffinity</command:name>
<command:verb>Get</command:verb>
<command:noun>CMUserDeviceAffinity</command:noun>
<maml:description><maml:para>Gets user device affinities
</maml:para>
</maml:description>
</command:details>
<maml:description><maml:para>The Get-CMUserDeviceAffinity cmdlet gets one or more user device affinities.
</maml:para>
</maml:description>
<command:syntax><command:syntaxItem><maml:name>Get-CMUserDeviceAffinity</maml:name>
<command:parameter required="true" variableLength="true" globbing="false" pipelineInput="True (ByPropertyName)" position="named" aliases="RelationshipResourceID"><maml:name>ID</maml:name>
<maml:Description><maml:para>Specifies the Relationship ID
</maml:para>
</maml:Description>
<command:parameterValue required="true" variableLength="false">String[]</command:parameterValue>
<dev:type><maml:name>String[]</maml:name>
<maml:uri /></dev:type>
<dev:defaultValue>None</dev:defaultValue>
</command:parameter>
<command:parameter required="false" variableLength="true" globbing="false" pipelineInput="False" position="named" aliases="none"><maml:name>Source</maml:name>
<maml:Description><maml:para>Specifies the Affinity Source
</maml:para>
</maml:Description>
<command:parameterValue required="true" variableLength="false">String</command:parameterValue>
<dev:type><maml:name>String</maml:name>
<maml:uri /></dev:type>
<dev:defaultValue>None</dev:defaultValue>
</command:parameter>
</command:syntaxItem>
<command:syntaxItem><maml:name>Get-CMUserDeviceAffinity</maml:name>
<command:parameter required="true" variableLength="true" globbing="false" pipelineInput="True (ByPropertyName, ByValue)" position="named" aliases="DeviceID"><maml:name>ResourceID</maml:name>
<maml:Description><maml:para>Specifies the DeviceID (ResourceID)
</maml:para>
</maml:Description>
<command:parameterValue required="true" variableLength="false">String[]</command:parameterValue>
<dev:type><maml:name>String[]</maml:name>
<maml:uri /></dev:type>
<dev:defaultValue>None</dev:defaultValue>
</command:parameter>
<command:parameter required="false" variableLength="true" globbing="false" pipelineInput="False" position="named" aliases="none"><maml:name>Source</maml:name>
<maml:Description><maml:para>Specifies the Affinity Source
</maml:para>
</maml:Description>
<command:parameterValue required="true" variableLength="false">String</command:parameterValue>
<dev:type><maml:name>String</maml:name>
<maml:uri /></dev:type>
<dev:defaultValue>None</dev:defaultValue>
</command:parameter>
</command:syntaxItem>
<command:syntaxItem><maml:name>Get-CMUserDeviceAffinity</maml:name>
<command:parameter required="false" variableLength="true" globbing="false" pipelineInput="True (ByPropertyName)" position="named" aliases="DeviceName"><maml:name>ResourceName</maml:name>
<maml:Description><maml:para>Specifies the Device name If Search is set, the name can include the default WQL placeholders [],^,% and _
</maml:para>
</maml:Description>
<command:parameterValue required="true" variableLength="false">String[]</command:parameterValue>
<dev:type><maml:name>String[]</maml:name>
<maml:uri /></dev:type>
<dev:defaultValue>None</dev:defaultValue>
</command:parameter>
<command:parameter required="false" variableLength="true" globbing="false" pipelineInput="True (ByPropertyName)" position="named" aliases="none"><maml:name>UserName</maml:name>
<maml:Description><maml:para>Specifies the User name If Search is set, the name can include the default WQL placeholders [],^,% and _
</maml:para>
</maml:Description>
<command:parameterValue required="true" variableLength="false">String[]</command:parameterValue>
<dev:type><maml:name>String[]</maml:name>
<maml:uri /></dev:type>
<dev:defaultValue>None</dev:defaultValue>
</command:parameter>
<command:parameter required="false" variableLength="true" globbing="false" pipelineInput="False" position="named" aliases="none"><maml:name>Search</maml:name>
<maml:Description><maml:para>Specifies if Name contains a search string
</maml:para>
</maml:Description>
<dev:type><maml:name>SwitchParameter</maml:name>
<maml:uri /></dev:type>
<dev:defaultValue>False</dev:defaultValue>
</command:parameter>
<command:parameter required="false" variableLength="true" globbing="false" pipelineInput="False" position="named" aliases="none"><maml:name>Source</maml:name>
<maml:Description><maml:para>Specifies the Affinity Source
</maml:para>
</maml:Description>
<command:parameterValue required="true" variableLength="false">String</command:parameterValue>
<dev:type><maml:name>String</maml:name>
<maml:uri /></dev:type>
<dev:defaultValue>None</dev:defaultValue>
</command:parameter>
</command:syntaxItem>
</command:syntax>
<command:parameters><command:parameter required="true" variableLength="true" globbing="false" pipelineInput="True (ByPropertyName)" position="named" aliases="RelationshipResourceID"><maml:name>ID</maml:name>
<maml:Description><maml:para>Specifies the Relationship ID
</maml:para>
</maml:Description>
<command:parameterValue required="true" variableLength="false">String[]</command:parameterValue>
<dev:type><maml:name>String[]</maml:name>
<maml:uri /></dev:type>
<dev:defaultValue>None</dev:defaultValue>
</command:parameter>
<command:parameter required="true" variableLength="true" globbing="false" pipelineInput="True (ByPropertyName, ByValue)" position="named" aliases="DeviceID"><maml:name>ResourceID</maml:name>
<maml:Description><maml:para>Specifies the DeviceID (ResourceID)
</maml:para>
</maml:Description>
<command:parameterValue required="true" variableLength="false">String[]</command:parameterValue>
<dev:type><maml:name>String[]</maml:name>
<maml:uri /></dev:type>
<dev:defaultValue>None</dev:defaultValue>
</command:parameter>
<command:parameter required="false" variableLength="true" globbing="false" pipelineInput="True (ByPropertyName)" position="named" aliases="DeviceName"><maml:name>ResourceName</maml:name>
<maml:Description><maml:para>Specifies the Device name If Search is set, the name can include the default WQL placeholders [],^,% and _
</maml:para>
</maml:Description>
<command:parameterValue required="true" variableLength="false">String[]</command:parameterValue>
<dev:type><maml:name>String[]</maml:name>
<maml:uri /></dev:type>
<dev:defaultValue>None</dev:defaultValue>
</command:parameter>
<command:parameter required="false" variableLength="true" globbing="false" pipelineInput="True (ByPropertyName)" position="named" aliases="none"><maml:name>UserName</maml:name>
<maml:Description><maml:para>Specifies the User name If Search is set, the name can include the default WQL placeholders [],^,% and _
</maml:para>
</maml:Description>
<command:parameterValue required="true" variableLength="false">String[]</command:parameterValue>
<dev:type><maml:name>String[]</maml:name>
<maml:uri /></dev:type>
<dev:defaultValue>None</dev:defaultValue>
</command:parameter>
<command:parameter required="false" variableLength="true" globbing="false" pipelineInput="False" position="named" aliases="none"><maml:name>Search</maml:name>
<maml:Description><maml:para>Specifies if Name contains a search string
</maml:para>
</maml:Description>
<command:parameterValue required="false" variableLength="false">SwitchParameter</command:parameterValue>
<dev:type><maml:name>SwitchParameter</maml:name>
<maml:uri /></dev:type>
<dev:defaultValue>False</dev:defaultValue>
</command:parameter>
<command:parameter required="false" variableLength="true" globbing="false" pipelineInput="False" position="named" aliases="none"><maml:name>Source</maml:name>
<maml:Description><maml:para>Specifies the Affinity Source
</maml:para>
</maml:Description>
<command:parameterValue required="true" variableLength="false">String</command:parameterValue>
<dev:type><maml:name>String</maml:name>
<maml:uri /></dev:type>
<dev:defaultValue>None</dev:defaultValue>
</command:parameter>
</command:parameters>
<command:inputTypes></command:inputTypes>
<command:returnValues></command:returnValues>
<maml:alertSet><maml:alert><maml:para>
</maml:para>
</maml:alert>
</maml:alertSet>
<command:examples><command:example><maml:title>-------------------------- EXAMPLE 1 --------------------------</maml:title>
<dev:code></dev:code>
<dev:remarks><maml:para>
</maml:para>
</dev:remarks>
</command:example>
</command:examples>
<command:relatedLinks></command:relatedLinks>
</command:command>
<command:command xmlns:maml="http://schemas.microsoft.com/maml/2004/10" xmlns:command="http://schemas.microsoft.com/maml/dev/command/2004/10" xmlns:dev="http://schemas.microsoft.com/maml/dev/2004/10" xmlns:MSHelp="http://msdn.microsoft.com/mshelp">
<command:details><command:name>Invoke-CMMethod</command:name>
<command:verb>Invoke</command:verb>
<command:noun>CMMethod</command:noun>
<maml:description><maml:para>Invokes a ConfigMgr provider method.
</maml:para>
</maml:description>
</command:details>
<maml:description><maml:para>Invokes a ConfigMgr provider method.
</maml:para>
</maml:description>
<command:syntax><command:syntaxItem><maml:name>Invoke-CMMethod</maml:name>
<command:parameter required="true" variableLength="true" globbing="false" pipelineInput="False" position="named" aliases="none"><maml:name>ClassName</maml:name>
<maml:Description><maml:para>Specifies the ConfigMgr WMI provider Class Name Needs to be supplied for static class methods
</maml:para>
</maml:Description>
<command:parameterValue required="true" variableLength="false">String</command:parameterValue>
<dev:type><maml:name>String</maml:name>
<maml:uri /></dev:type>
<dev:defaultValue>None</dev:defaultValue>
</command:parameter>
<command:parameter required="true" variableLength="true" globbing="false" pipelineInput="False" position="named" aliases="none"><maml:name>MethodName</maml:name>
<maml:Description><maml:para>Specifies the Method Name
</maml:para>
</maml:Description>
<command:parameterValue required="true" variableLength="false">String</command:parameterValue>
<dev:type><maml:name>String</maml:name>
<maml:uri /></dev:type>
<dev:defaultValue>None</dev:defaultValue>
</command:parameter>
<command:parameter required="false" variableLength="true" globbing="false" pipelineInput="False" position="named" aliases="none"><maml:name>Arguments</maml:name>
<maml:Description><maml:para>Specifies the Arguments to be supplied to the method. Should be a hashtable with key/name pairs.
</maml:para>
</maml:Description>
<command:parameterValue required="true" variableLength="false">Hashtable</command:parameterValue>
<dev:type><maml:name>Hashtable</maml:name>
<maml:uri /></dev:type>
<dev:defaultValue>None</dev:defaultValue>
</command:parameter>
<command:parameter required="false" variableLength="true" globbing="false" pipelineInput="False" position="named" aliases="none"><maml:name>SkipValidation</maml:name>
<maml:Description><maml:para>If set, ReturnValue will not be evaluated Usefull if ReturnValue does not indicated successfull execution
</maml:para>
</maml:Description>
<dev:type><maml:name>SwitchParameter</maml:name>
<maml:uri /></dev:type>
<dev:defaultValue>False</dev:defaultValue>
</command:parameter>
<command:parameter required="false" variableLength="true" globbing="false" pipelineInput="False" position="named" aliases="wi"><maml:name>WhatIf</maml:name>
<maml:Description><maml:para>Shows what would happen if the cmdlet runs. The cmdlet is not run.
</maml:para>
</maml:Description>
<dev:type><maml:name>SwitchParameter</maml:name>
<maml:uri /></dev:type>
<dev:defaultValue>False</dev:defaultValue>
</command:parameter>
<command:parameter required="false" variableLength="true" globbing="false" pipelineInput="False" position="named" aliases="cf"><maml:name>Confirm</maml:name>
<maml:Description><maml:para>Prompts you for confirmation before running the cmdlet.
</maml:para>
</maml:Description>
<dev:type><maml:name>SwitchParameter</maml:name>
<maml:uri /></dev:type>
<dev:defaultValue>False</dev:defaultValue>
</command:parameter>
</command:syntaxItem>
<command:syntaxItem><maml:name>Invoke-CMMethod</maml:name>
<command:parameter required="true" variableLength="true" globbing="false" pipelineInput="False" position="named" aliases="ClassInstance"><maml:name>InputObject</maml:name>
<maml:Description><maml:para>Specifies the ConfigMgr WMI provider object Needs to be supplied for instance methods
</maml:para>
</maml:Description>
<command:parameterValue required="true" variableLength="false">Object</command:parameterValue>
<dev:type><maml:name>Object</maml:name>
<maml:uri /></dev:type>
<dev:defaultValue>None</dev:defaultValue>
</command:parameter>
<command:parameter required="true" variableLength="true" globbing="false" pipelineInput="False" position="named" aliases="none"><maml:name>MethodName</maml:name>
<maml:Description><maml:para>Specifies the Method Name
</maml:para>
</maml:Description>
<command:parameterValue required="true" variableLength="false">String</command:parameterValue>
<dev:type><maml:name>String</maml:name>
<maml:uri /></dev:type>
<dev:defaultValue>None</dev:defaultValue>
</command:parameter>
<command:parameter required="false" variableLength="true" globbing="false" pipelineInput="False" position="named" aliases="none"><maml:name>Arguments</maml:name>
<maml:Description><maml:para>Specifies the Arguments to be supplied to the method. Should be a hashtable with key/name pairs.
</maml:para>
</maml:Description>
<command:parameterValue required="true" variableLength="false">Hashtable</command:parameterValue>
<dev:type><maml:name>Hashtable</maml:name>
<maml:uri /></dev:type>
<dev:defaultValue>None</dev:defaultValue>
</command:parameter>
<command:parameter required="false" variableLength="true" globbing="false" pipelineInput="False" position="named" aliases="none"><maml:name>SkipValidation</maml:name>
<maml:Description><maml:para>If set, ReturnValue will not be evaluated Usefull if ReturnValue does not indicated successfull execution
</maml:para>
</maml:Description>
<dev:type><maml:name>SwitchParameter</maml:name>
<maml:uri /></dev:type>
<dev:defaultValue>False</dev:defaultValue>
</command:parameter>
<command:parameter required="false" variableLength="true" globbing="false" pipelineInput="False" position="named" aliases="wi"><maml:name>WhatIf</maml:name>
<maml:Description><maml:para>Shows what would happen if the cmdlet runs. The cmdlet is not run.
</maml:para>
</maml:Description>
<dev:type><maml:name>SwitchParameter</maml:name>
<maml:uri /></dev:type>
<dev:defaultValue>False</dev:defaultValue>
</command:parameter>
<command:parameter required="false" variableLength="true" globbing="false" pipelineInput="False" position="named" aliases="cf"><maml:name>Confirm</maml:name>
<maml:Description><maml:para>Prompts you for confirmation before running the cmdlet.
</maml:para>
</maml:Description>
<dev:type><maml:name>SwitchParameter</maml:name>
<maml:uri /></dev:type>
<dev:defaultValue>False</dev:defaultValue>
</command:parameter>
</command:syntaxItem>
</command:syntax>
<command:parameters><command:parameter required="true" variableLength="true" globbing="false" pipelineInput="False" position="named" aliases="none"><maml:name>ClassName</maml:name>
<maml:Description><maml:para>Specifies the ConfigMgr WMI provider Class Name Needs to be supplied for static class methods
</maml:para>
</maml:Description>
<command:parameterValue required="true" variableLength="false">String</command:parameterValue>
<dev:type><maml:name>String</maml:name>
<maml:uri /></dev:type>
<dev:defaultValue>None</dev:defaultValue>
</command:parameter>
<command:parameter required="true" variableLength="true" globbing="false" pipelineInput="False" position="named" aliases="ClassInstance"><maml:name>InputObject</maml:name>
<maml:Description><maml:para>Specifies the ConfigMgr WMI provider object Needs to be supplied for instance methods
</maml:para>
</maml:Description>
<command:parameterValue required="true" variableLength="false">Object</command:parameterValue>
<dev:type><maml:name>Object</maml:name>
<maml:uri /></dev:type>
<dev:defaultValue>None</dev:defaultValue>
</command:parameter>
<command:parameter required="true" variableLength="true" globbing="false" pipelineInput="False" position="named" aliases="none"><maml:name>MethodName</maml:name>
<maml:Description><maml:para>Specifies the Method Name
</maml:para>
</maml:Description>
<command:parameterValue required="true" variableLength="false">String</command:parameterValue>
<dev:type><maml:name>String</maml:name>
<maml:uri /></dev:type>
<dev:defaultValue>None</dev:defaultValue>
</command:parameter>
<command:parameter required="false" variableLength="true" globbing="false" pipelineInput="False" position="named" aliases="none"><maml:name>Arguments</maml:name>
<maml:Description><maml:para>Specifies the Arguments to be supplied to the method. Should be a hashtable with key/name pairs.
</maml:para>
</maml:Description>
<command:parameterValue required="true" variableLength="false">Hashtable</command:parameterValue>
<dev:type><maml:name>Hashtable</maml:name>
<maml:uri /></dev:type>
<dev:defaultValue>None</dev:defaultValue>
</command:parameter>
<command:parameter required="false" variableLength="true" globbing="false" pipelineInput="False" position="named" aliases="none"><maml:name>SkipValidation</maml:name>
<maml:Description><maml:para>If set, ReturnValue will not be evaluated Usefull if ReturnValue does not indicated successfull execution
</maml:para>
</maml:Description>
<command:parameterValue required="false" variableLength="false">SwitchParameter</command:parameterValue>
<dev:type><maml:name>SwitchParameter</maml:name>
<maml:uri /></dev:type>
<dev:defaultValue>False</dev:defaultValue>
</command:parameter>
<command:parameter required="false" variableLength="true" globbing="false" pipelineInput="False" position="named" aliases="wi"><maml:name>WhatIf</maml:name>
<maml:Description><maml:para>Shows what would happen if the cmdlet runs. The cmdlet is not run.
</maml:para>
</maml:Description>
<command:parameterValue required="false" variableLength="false">SwitchParameter</command:parameterValue>
<dev:type><maml:name>SwitchParameter</maml:name>
<maml:uri /></dev:type>
<dev:defaultValue>False</dev:defaultValue>
</command:parameter>
<command:parameter required="false" variableLength="true" globbing="false" pipelineInput="False" position="named" aliases="cf"><maml:name>Confirm</maml:name>
<maml:Description><maml:para>Prompts you for confirmation before running the cmdlet.
</maml:para>
</maml:Description>
<command:parameterValue required="false" variableLength="false">SwitchParameter</command:parameterValue>
<dev:type><maml:name>SwitchParameter</maml:name>
<maml:uri /></dev:type>
<dev:defaultValue>False</dev:defaultValue>
</command:parameter>
</command:parameters>
<command:inputTypes></command:inputTypes>
<command:returnValues></command:returnValues>
<maml:alertSet><maml:alert><maml:para>
</maml:para>
</maml:alert>
</maml:alertSet>
<command:examples><command:example><maml:title>-------------------------- EXAMPLE 1 --------------------------</maml:title>
<dev:code>Remove-CMInstance -ClassName SMS_Package -Filter "PackageID = 'TST00001'"</dev:code>
<dev:remarks><maml:para>Removes the ConfigMgr package with PackageID 'TST00001'.
</maml:para>
</dev:remarks>
</command:example>
<command:example><maml:title>-------------------------- EXAMPLE 2 --------------------------</maml:title>
<dev:code>$Pkg = Get-CMInstance -ClassName SMS_Package -Filter "PackageID = 'TST00001'"</dev:code>
<dev:remarks><maml:para>$Pkg | Remove-CMInstance Removes the ConfigMgr package with PackageID 'TST00001'.
</maml:para>
</dev:remarks>
</command:example>
</command:examples>
<command:relatedLinks></command:relatedLinks>
</command:command>
<command:command xmlns:maml="http://schemas.microsoft.com/maml/2004/10" xmlns:command="http://schemas.microsoft.com/maml/dev/command/2004/10" xmlns:dev="http://schemas.microsoft.com/maml/dev/2004/10" xmlns:MSHelp="http://msdn.microsoft.com/mshelp">
<command:details><command:name>New-CMConnection</command:name>
<command:verb>New</command:verb>
<command:noun>CMConnection</command:noun>
<maml:description><maml:para>Creates a new ConfigMgr connection.
</maml:para>
</maml:description>
</command:details>
<maml:description><maml:para>Creates a new ConfigMgr connection.
</maml:para>
</maml:description>
<command:syntax><command:syntaxItem><maml:name>New-CMConnection</maml:name>
<command:parameter required="false" variableLength="true" globbing="false" pipelineInput="False" position="1" aliases="ServerName, Name, SiteServer, ProviderServer"><maml:name>ProviderServerName</maml:name>
<maml:Description><maml:para>Specifies the ConfigMgr Provider Server name. If no value is specified, the script assumes to be executed on the Site Server.
</maml:para>
</maml:Description>
<command:parameterValue required="true" variableLength="false">String</command:parameterValue>
<dev:type><maml:name>String</maml:name>
<maml:uri /></dev:type>
<dev:defaultValue>$env:COMPUTERNAME</dev:defaultValue>
</command:parameter>
<command:parameter required="false" variableLength="true" globbing="false" pipelineInput="False" position="2" aliases="none"><maml:name>SiteCode</maml:name>
<maml:Description><maml:para>Specifies the ConfigMgr provider Site Code. If no value is specified, the script will evaluate it from the Site Server.
</maml:para>
</maml:Description>
<command:parameterValue required="true" variableLength="false">String</command:parameterValue>
<dev:type><maml:name>String</maml:name>
<maml:uri /></dev:type>
<dev:defaultValue>None</dev:defaultValue>
</command:parameter>
<command:parameter required="false" variableLength="true" globbing="false" pipelineInput="False" position="3" aliases="none"><maml:name>Credential</maml:name>
<maml:Description><maml:para>Specifies the Credentials to connect to the Provider Server.
</maml:para>
</maml:Description>
<command:parameterValue required="true" variableLength="false">PSCredential</command:parameterValue>
<dev:type><maml:name>PSCredential</maml:name>
<maml:uri /></dev:type>
<dev:defaultValue>[System.Management.Automation.PSCredential]::Empty</dev:defaultValue>
</command:parameter>
</command:syntaxItem>
</command:syntax>
<command:parameters><command:parameter required="false" variableLength="true" globbing="false" pipelineInput="False" position="1" aliases="ServerName, Name, SiteServer, ProviderServer"><maml:name>ProviderServerName</maml:name>
<maml:Description><maml:para>Specifies the ConfigMgr Provider Server name. If no value is specified, the script assumes to be executed on the Site Server.
</maml:para>
</maml:Description>
<command:parameterValue required="true" variableLength="false">String</command:parameterValue>
<dev:type><maml:name>String</maml:name>
<maml:uri /></dev:type>
<dev:defaultValue>$env:COMPUTERNAME</dev:defaultValue>
</command:parameter>
<command:parameter required="false" variableLength="true" globbing="false" pipelineInput="False" position="2" aliases="none"><maml:name>SiteCode</maml:name>
<maml:Description><maml:para>Specifies the ConfigMgr provider Site Code. If no value is specified, the script will evaluate it from the Site Server.
</maml:para>
</maml:Description>
<command:parameterValue required="true" variableLength="false">String</command:parameterValue>
<dev:type><maml:name>String</maml:name>
<maml:uri /></dev:type>
<dev:defaultValue>None</dev:defaultValue>
</command:parameter>
<command:parameter required="false" variableLength="true" globbing="false" pipelineInput="False" position="3" aliases="none"><maml:name>Credential</maml:name>
<maml:Description><maml:para>Specifies the Credentials to connect to the Provider Server.
</maml:para>
</maml:Description>
<command:parameterValue required="true" variableLength="false">PSCredential</command:parameterValue>
<dev:type><maml:name>PSCredential</maml:name>
<maml:uri /></dev:type>
<dev:defaultValue>[System.Management.Automation.PSCredential]::Empty</dev:defaultValue>
</command:parameter>
</command:parameters>
<command:inputTypes></command:inputTypes>
<command:returnValues></command:returnValues>
<maml:alertSet><maml:alert><maml:para>
</maml:para>
</maml:alert>
</maml:alertSet>
<command:examples><command:example><maml:title>-------------------------- EXAMPLE 1 --------------------------</maml:title>
<dev:code></dev:code>
<dev:remarks><maml:para>
</maml:para>
</dev:remarks>
</command:example>
</command:examples>
<command:relatedLinks></command:relatedLinks>
</command:command>
<command:command xmlns:maml="http://schemas.microsoft.com/maml/2004/10" xmlns:command="http://schemas.microsoft.com/maml/dev/command/2004/10" xmlns:dev="http://schemas.microsoft.com/maml/dev/2004/10" xmlns:MSHelp="http://msdn.microsoft.com/mshelp">
<command:details><command:name>New-CMInstance</command:name>
<command:verb>New</command:verb>
<command:noun>CMInstance</command:noun>
<maml:description><maml:para>Creates a new ConfigMgr object.
</maml:para>
</maml:description>
</command:details>
<maml:description><maml:para>Creates a new ConfigMgr object.
</maml:para>
</maml:description>
<command:syntax><command:syntaxItem><maml:name>New-CMInstance</maml:name>
<command:parameter required="true" variableLength="true" globbing="false" pipelineInput="False" position="1" aliases="none"><maml:name>ClassName</maml:name>
<maml:Description><maml:para>Specifies the ConfigMgr WMI provider Class Name
</maml:para>
</maml:Description>
<command:parameterValue required="true" variableLength="false">String</command:parameterValue>
<dev:type><maml:name>String</maml:name>
<maml:uri /></dev:type>
<dev:defaultValue>None</dev:defaultValue>
</command:parameter>
<command:parameter required="true" variableLength="true" globbing="false" pipelineInput="False" position="2" aliases="none"><maml:name>Property</maml:name>
<maml:Description><maml:para>Specifies the properties to be supplied to the new object
</maml:para>
</maml:Description>
<command:parameterValue required="true" variableLength="false">Hashtable</command:parameterValue>
<dev:type><maml:name>Hashtable</maml:name>
<maml:uri /></dev:type>
<dev:defaultValue>None</dev:defaultValue>
</command:parameter>
<command:parameter required="false" variableLength="true" globbing="false" pipelineInput="False" position="named" aliases="none"><maml:name>ClientOnly</maml:name>
<maml:Description><maml:para>Specifies if the new instance shall be created on the client only. Will be used for embedded classes without key property
</maml:para>
</maml:Description>
<dev:type><maml:name>SwitchParameter</maml:name>
<maml:uri /></dev:type>
<dev:defaultValue>False</dev:defaultValue>
</command:parameter>
<command:parameter required="false" variableLength="true" globbing="false" pipelineInput="False" position="named" aliases="wi"><maml:name>WhatIf</maml:name>
<maml:Description><maml:para>Shows what would happen if the cmdlet runs. The cmdlet is not run.
</maml:para>
</maml:Description>
<dev:type><maml:name>SwitchParameter</maml:name>
<maml:uri /></dev:type>
<dev:defaultValue>False</dev:defaultValue>
</command:parameter>
<command:parameter required="false" variableLength="true" globbing="false" pipelineInput="False" position="named" aliases="cf"><maml:name>Confirm</maml:name>
<maml:Description><maml:para>Prompts you for confirmation before running the cmdlet.
</maml:para>
</maml:Description>
<dev:type><maml:name>SwitchParameter</maml:name>
<maml:uri /></dev:type>
<dev:defaultValue>False</dev:defaultValue>
</command:parameter>
</command:syntaxItem>
</command:syntax>
<command:parameters><command:parameter required="true" variableLength="true" globbing="false" pipelineInput="False" position="1" aliases="none"><maml:name>ClassName</maml:name>
<maml:Description><maml:para>Specifies the ConfigMgr WMI provider Class Name
</maml:para>
</maml:Description>
<command:parameterValue required="true" variableLength="false">String</command:parameterValue>
<dev:type><maml:name>String</maml:name>
<maml:uri /></dev:type>
<dev:defaultValue>None</dev:defaultValue>
</command:parameter>
<command:parameter required="true" variableLength="true" globbing="false" pipelineInput="False" position="2" aliases="none"><maml:name>Property</maml:name>
<maml:Description><maml:para>Specifies the properties to be supplied to the new object
</maml:para>
</maml:Description>
<command:parameterValue required="true" variableLength="false">Hashtable</command:parameterValue>
<dev:type><maml:name>Hashtable</maml:name>
<maml:uri /></dev:type>
<dev:defaultValue>None</dev:defaultValue>
</command:parameter>
<command:parameter required="false" variableLength="true" globbing="false" pipelineInput="False" position="named" aliases="none"><maml:name>ClientOnly</maml:name>
<maml:Description><maml:para>Specifies if the new instance shall be created on the client only. Will be used for embedded classes without key property
</maml:para>
</maml:Description>
<command:parameterValue required="false" variableLength="false">SwitchParameter</command:parameterValue>
<dev:type><maml:name>SwitchParameter</maml:name>
<maml:uri /></dev:type>
<dev:defaultValue>False</dev:defaultValue>
</command:parameter>
<command:parameter required="false" variableLength="true" globbing="false" pipelineInput="False" position="named" aliases="wi"><maml:name>WhatIf</maml:name>
<maml:Description><maml:para>Shows what would happen if the cmdlet runs. The cmdlet is not run.
</maml:para>
</maml:Description>
<command:parameterValue required="false" variableLength="false">SwitchParameter</command:parameterValue>
<dev:type><maml:name>SwitchParameter</maml:name>
<maml:uri /></dev:type>
<dev:defaultValue>False</dev:defaultValue>
</command:parameter>
<command:parameter required="false" variableLength="true" globbing="false" pipelineInput="False" position="named" aliases="cf"><maml:name>Confirm</maml:name>
<maml:Description><maml:para>Prompts you for confirmation before running the cmdlet.
</maml:para>
</maml:Description>
<command:parameterValue required="false" variableLength="false">SwitchParameter</command:parameterValue>
<dev:type><maml:name>SwitchParameter</maml:name>
<maml:uri /></dev:type>
<dev:defaultValue>False</dev:defaultValue>
</command:parameter>
</command:parameters>
<command:inputTypes></command:inputTypes>
<command:returnValues></command:returnValues>
<maml:alertSet><maml:alert><maml:para>
</maml:para>
</maml:alert>
</maml:alertSet>
<command:examples><command:example><maml:title>-------------------------- EXAMPLE 1 --------------------------</maml:title>
<dev:code></dev:code>
<dev:remarks><maml:para>
</maml:para>
</dev:remarks>
</command:example>
</command:examples>
<command:relatedLinks></command:relatedLinks>
</command:command>
<command:command xmlns:maml="http://schemas.microsoft.com/maml/2004/10" xmlns:command="http://schemas.microsoft.com/maml/dev/command/2004/10" xmlns:dev="http://schemas.microsoft.com/maml/dev/2004/10" xmlns:MSHelp="http://msdn.microsoft.com/mshelp">
<command:details><command:name>New-CMUserDeviceAffinity</command:name>
<command:verb>New</command:verb>
<command:noun>CMUserDeviceAffinity</command:noun>
<maml:description><maml:para>Creates a new User device affinity
</maml:para>
</maml:description>
</command:details>
<maml:description><maml:para>The New-CMUserDeviceAffinity cmdlet creates a new user device affinity.
</maml:para>
</maml:description>
<command:syntax><command:syntaxItem><maml:name>New-CMUserDeviceAffinity</maml:name>
<command:parameter required="true" variableLength="true" globbing="false" pipelineInput="True (ByPropertyName, ByValue)" position="1" aliases="DeviceID"><maml:name>ResourceID</maml:name>
<maml:Description><maml:para>Specifies the DeviceID (ResourceID)
</maml:para>
</maml:Description>
<command:parameterValue required="true" variableLength="false">UInt32</command:parameterValue>
<dev:type><maml:name>UInt32</maml:name>
<maml:uri /></dev:type>
<dev:defaultValue>0</dev:defaultValue>
</command:parameter>
<command:parameter required="true" variableLength="true" globbing="false" pipelineInput="True (ByPropertyName)" position="2" aliases="none"><maml:name>UserName</maml:name>
<maml:Description><maml:para>Specifies the User name e.g. "{Domain}\{samaccountname}
</maml:para>
</maml:Description>
<command:parameterValue required="true" variableLength="false">String</command:parameterValue>
<dev:type><maml:name>String</maml:name>
<maml:uri /></dev:type>
<dev:defaultValue>None</dev:defaultValue>
</command:parameter>
<command:parameter required="false" variableLength="true" globbing="false" pipelineInput="False" position="3" aliases="none"><maml:name>Source</maml:name>
<maml:Description><maml:para>Specifies the Package Type
</maml:para>
</maml:Description>
<command:parameterValue required="true" variableLength="false">String</command:parameterValue>
<dev:type><maml:name>String</maml:name>
<maml:uri /></dev:type>
<dev:defaultValue>Administrator</dev:defaultValue>
</command:parameter>
<command:parameter required="false" variableLength="true" globbing="false" pipelineInput="False" position="named" aliases="none"><maml:name>NoType</maml:name>
<maml:Description><maml:para>Specifies if the Type property should be set for the relationship
</maml:para>
</maml:Description>
<dev:type><maml:name>SwitchParameter</maml:name>
<maml:uri /></dev:type>
<dev:defaultValue>False</dev:defaultValue>
</command:parameter>
<command:parameter required="false" variableLength="true" globbing="false" pipelineInput="False" position="named" aliases="wi"><maml:name>WhatIf</maml:name>
<maml:Description><maml:para>Shows what would happen if the cmdlet runs. The cmdlet is not run.
</maml:para>
</maml:Description>
<dev:type><maml:name>SwitchParameter</maml:name>
<maml:uri /></dev:type>
<dev:defaultValue>False</dev:defaultValue>
</command:parameter>
<command:parameter required="false" variableLength="true" globbing="false" pipelineInput="False" position="named" aliases="cf"><maml:name>Confirm</maml:name>
<maml:Description><maml:para>Prompts you for confirmation before running the cmdlet.
</maml:para>
</maml:Description>
<dev:type><maml:name>SwitchParameter</maml:name>
<maml:uri /></dev:type>
<dev:defaultValue>False</dev:defaultValue>
</command:parameter>
</command:syntaxItem>
</command:syntax>
<command:parameters><command:parameter required="true" variableLength="true" globbing="false" pipelineInput="True (ByPropertyName, ByValue)" position="1" aliases="DeviceID"><maml:name>ResourceID</maml:name>
<maml:Description><maml:para>Specifies the DeviceID (ResourceID)
</maml:para>
</maml:Description>
<command:parameterValue required="true" variableLength="false">UInt32</command:parameterValue>
<dev:type><maml:name>UInt32</maml:name>
<maml:uri /></dev:type>
<dev:defaultValue>0</dev:defaultValue>
</command:parameter>
<command:parameter required="true" variableLength="true" globbing="false" pipelineInput="True (ByPropertyName)" position="2" aliases="none"><maml:name>UserName</maml:name>
<maml:Description><maml:para>Specifies the User name e.g. "{Domain}\{samaccountname}
</maml:para>
</maml:Description>
<command:parameterValue required="true" variableLength="false">String</command:parameterValue>
<dev:type><maml:name>String</maml:name>
<maml:uri /></dev:type>
<dev:defaultValue>None</dev:defaultValue>
</command:parameter>
<command:parameter required="false" variableLength="true" globbing="false" pipelineInput="False" position="3" aliases="none"><maml:name>Source</maml:name>
<maml:Description><maml:para>Specifies the Package Type
</maml:para>
</maml:Description>
<command:parameterValue required="true" variableLength="false">String</command:parameterValue>
<dev:type><maml:name>String</maml:name>
<maml:uri /></dev:type>
<dev:defaultValue>Administrator</dev:defaultValue>
</command:parameter>
<command:parameter required="false" variableLength="true" globbing="false" pipelineInput="False" position="named" aliases="none"><maml:name>NoType</maml:name>
<maml:Description><maml:para>Specifies if the Type property should be set for the relationship
</maml:para>
</maml:Description>
<command:parameterValue required="false" variableLength="false">SwitchParameter</command:parameterValue>
<dev:type><maml:name>SwitchParameter</maml:name>
<maml:uri /></dev:type>
<dev:defaultValue>False</dev:defaultValue>
</command:parameter>
<command:parameter required="false" variableLength="true" globbing="false" pipelineInput="False" position="named" aliases="wi"><maml:name>WhatIf</maml:name>
<maml:Description><maml:para>Shows what would happen if the cmdlet runs. The cmdlet is not run.
</maml:para>
</maml:Description>
<command:parameterValue required="false" variableLength="false">SwitchParameter</command:parameterValue>
<dev:type><maml:name>SwitchParameter</maml:name>
<maml:uri /></dev:type>
<dev:defaultValue>False</dev:defaultValue>
</command:parameter>
<command:parameter required="false" variableLength="true" globbing="false" pipelineInput="False" position="named" aliases="cf"><maml:name>Confirm</maml:name>
<maml:Description><maml:para>Prompts you for confirmation before running the cmdlet.
</maml:para>
</maml:Description>
<command:parameterValue required="false" variableLength="false">SwitchParameter</command:parameterValue>
<dev:type><maml:name>SwitchParameter</maml:name>
<maml:uri /></dev:type>
<dev:defaultValue>False</dev:defaultValue>
</command:parameter>
</command:parameters>
<command:inputTypes></command:inputTypes>
<command:returnValues></command:returnValues>
<maml:alertSet><maml:alert><maml:para>
</maml:para>
</maml:alert>
</maml:alertSet>
<command:examples><command:example><maml:title>-------------------------- EXAMPLE 1 --------------------------</maml:title>
<dev:code>New-CMUserDeviceAffinity -ResourceID 1 -UserName "TST\Testuser"</dev:code>
<dev:remarks><maml:para>Creates a new user device affinity for the specified Resource and User
</maml:para>
</dev:remarks>
</command:example>
<command:example><maml:title>-------------------------- EXAMPLE 2 --------------------------</maml:title>
<dev:code>New-CMUserDeviceAffinity -ResourceID 1 -UserName "TST\Testuser" -Source Administrator</dev:code>
<dev:remarks><maml:para>Creates a new user device affinity for the specified Resource, User and Source
</maml:para>
</dev:remarks>
</command:example>
</command:examples>
<command:relatedLinks></command:relatedLinks>
</command:command>
<command:command xmlns:maml="http://schemas.microsoft.com/maml/2004/10" xmlns:command="http://schemas.microsoft.com/maml/dev/command/2004/10" xmlns:dev="http://schemas.microsoft.com/maml/dev/2004/10" xmlns:MSHelp="http://msdn.microsoft.com/mshelp">
<command:details><command:name>Remove-CMInstance</command:name>
<command:verb>Remove</command:verb>
<command:noun>CMInstance</command:noun>
<maml:description><maml:para>Removes a ConfigMgr object.
</maml:para>
</maml:description>
</command:details>
<maml:description><maml:para>Removes a ConfigMgr object. If the object is specified by Classname and filter, make sure it returns a unique object.
</maml:para>
</maml:description>
<command:syntax><command:syntaxItem><maml:name>Remove-CMInstance</maml:name>
<command:parameter required="true" variableLength="true" globbing="false" pipelineInput="True (ByPropertyName)" position="named" aliases="none"><maml:name>ClassName</maml:name>
<maml:Description><maml:para>Specifies the ConfigMgr WMI provider Class Name
</maml:para>
</maml:Description>
<command:parameterValue required="true" variableLength="false">String</command:parameterValue>
<dev:type><maml:name>String</maml:name>
<maml:uri /></dev:type>
<dev:defaultValue>None</dev:defaultValue>
</command:parameter>
<command:parameter required="true" variableLength="true" globbing="false" pipelineInput="True (ByPropertyName)" position="named" aliases="none"><maml:name>Filter</maml:name>
<maml:Description><maml:para>Specifies the Filter
</maml:para>
</maml:Description>
<command:parameterValue required="true" variableLength="false">String</command:parameterValue>
<dev:type><maml:name>String</maml:name>
<maml:uri /></dev:type>
<dev:defaultValue>None</dev:defaultValue>
</command:parameter>
<command:parameter required="false" variableLength="true" globbing="false" pipelineInput="False" position="named" aliases="wi"><maml:name>WhatIf</maml:name>
<maml:Description><maml:para>Shows what would happen if the cmdlet runs. The cmdlet is not run.
</maml:para>
</maml:Description>
<dev:type><maml:name>SwitchParameter</maml:name>
<maml:uri /></dev:type>
<dev:defaultValue>False</dev:defaultValue>
</command:parameter>
<command:parameter required="false" variableLength="true" globbing="false" pipelineInput="False" position="named" aliases="cf"><maml:name>Confirm</maml:name>
<maml:Description><maml:para>Prompts you for confirmation before running the cmdlet.
</maml:para>
</maml:Description>
<dev:type><maml:name>SwitchParameter</maml:name>
<maml:uri /></dev:type>
<dev:defaultValue>False</dev:defaultValue>
</command:parameter>
</command:syntaxItem>
<command:syntaxItem><maml:name>Remove-CMInstance</maml:name>
<command:parameter required="true" variableLength="true" globbing="false" pipelineInput="True (ByPropertyName, ByValue)" position="named" aliases="ClassInstance"><maml:name>InputObject</maml:name>
<maml:Description><maml:para>Specifies the ConfigMgr WMI provider object
</maml:para>
</maml:Description>
<command:parameterValue required="true" variableLength="false">Object</command:parameterValue>
<dev:type><maml:name>Object</maml:name>
<maml:uri /></dev:type>
<dev:defaultValue>None</dev:defaultValue>
</command:parameter>
<command:parameter required="false" variableLength="true" globbing="false" pipelineInput="False" position="named" aliases="wi"><maml:name>WhatIf</maml:name>
<maml:Description><maml:para>Shows what would happen if the cmdlet runs. The cmdlet is not run.
</maml:para>
</maml:Description>
<dev:type><maml:name>SwitchParameter</maml:name>
<maml:uri /></dev:type>
<dev:defaultValue>False</dev:defaultValue>
</command:parameter>
<command:parameter required="false" variableLength="true" globbing="false" pipelineInput="False" position="named" aliases="cf"><maml:name>Confirm</maml:name>
<maml:Description><maml:para>Prompts you for confirmation before running the cmdlet.
</maml:para>
</maml:Description>
<dev:type><maml:name>SwitchParameter</maml:name>
<maml:uri /></dev:type>
<dev:defaultValue>False</dev:defaultValue>
</command:parameter>
</command:syntaxItem>
</command:syntax>
<command:parameters><command:parameter required="true" variableLength="true" globbing="false" pipelineInput="True (ByPropertyName)" position="named" aliases="none"><maml:name>ClassName</maml:name>
<maml:Description><maml:para>Specifies the ConfigMgr WMI provider Class Name
</maml:para>
</maml:Description>
<command:parameterValue required="true" variableLength="false">String</command:parameterValue>
<dev:type><maml:name>String</maml:name>
<maml:uri /></dev:type>
<dev:defaultValue>None</dev:defaultValue>
</command:parameter>
<command:parameter required="true" variableLength="true" globbing="false" pipelineInput="True (ByPropertyName)" position="named" aliases="none"><maml:name>Filter</maml:name>
<maml:Description><maml:para>Specifies the Filter
</maml:para>
</maml:Description>
<command:parameterValue required="true" variableLength="false">String</command:parameterValue>
<dev:type><maml:name>String</maml:name>
<maml:uri /></dev:type>
<dev:defaultValue>None</dev:defaultValue>
</command:parameter>
<command:parameter required="true" variableLength="true" globbing="false" pipelineInput="True (ByPropertyName, ByValue)" position="named" aliases="ClassInstance"><maml:name>InputObject</maml:name>
<maml:Description><maml:para>Specifies the ConfigMgr WMI provider object
</maml:para>
</maml:Description>
<command:parameterValue required="true" variableLength="false">Object</command:parameterValue>
<dev:type><maml:name>Object</maml:name>
<maml:uri /></dev:type>
<dev:defaultValue>None</dev:defaultValue>
</command:parameter>
<command:parameter required="false" variableLength="true" globbing="false" pipelineInput="False" position="named" aliases="wi"><maml:name>WhatIf</maml:name>
<maml:Description><maml:para>Shows what would happen if the cmdlet runs. The cmdlet is not run.
</maml:para>
</maml:Description>
<command:parameterValue required="false" variableLength="false">SwitchParameter</command:parameterValue>
<dev:type><maml:name>SwitchParameter</maml:name>
<maml:uri /></dev:type>
<dev:defaultValue>False</dev:defaultValue>
</command:parameter>
<command:parameter required="false" variableLength="true" globbing="false" pipelineInput="False" position="named" aliases="cf"><maml:name>Confirm</maml:name>
<maml:Description><maml:para>Prompts you for confirmation before running the cmdlet.
</maml:para>
</maml:Description>
<command:parameterValue required="false" variableLength="false">SwitchParameter</command:parameterValue>
<dev:type><maml:name>SwitchParameter</maml:name>
<maml:uri /></dev:type>
<dev:defaultValue>False</dev:defaultValue>
</command:parameter>
</command:parameters>
<command:inputTypes></command:inputTypes>
<command:returnValues></command:returnValues>
<maml:alertSet><maml:alert><maml:para>
</maml:para>
</maml:alert>
</maml:alertSet>
<command:examples><command:example><maml:title>-------------------------- EXAMPLE 1 --------------------------</maml:title>
<dev:code>Remove-CMInstance -ClassName SMS_Package -Filter "PackageID = 'TST00001'"</dev:code>
<dev:remarks><maml:para>Removes the ConfigMgr package with PackageID 'TST00001'.
</maml:para>
</dev:remarks>
</command:example>
<command:example><maml:title>-------------------------- EXAMPLE 2 --------------------------</maml:title>
<dev:code>$Pkg = Get-CMInstance -ClassName SMS_Package -Filter "PackageID = 'TST00001'"</dev:code>
<dev:remarks><maml:para>$Pkg | Remove-CMInstance Removes the ConfigMgr package with PackageID 'TST00001'.
</maml:para>
</dev:remarks>
</command:example>
</command:examples>
<command:relatedLinks></command:relatedLinks>
</command:command>
<command:command xmlns:maml="http://schemas.microsoft.com/maml/2004/10" xmlns:command="http://schemas.microsoft.com/maml/dev/command/2004/10" xmlns:dev="http://schemas.microsoft.com/maml/dev/2004/10" xmlns:MSHelp="http://msdn.microsoft.com/mshelp">
<command:details><command:name>Set-CMInstance</command:name>
<command:verb>Set</command:verb>
<command:noun>CMInstance</command:noun>
<maml:description><maml:para>Updates a ConfigMgr object.
</maml:para>
</maml:description>
</command:details>
<maml:description><maml:para>Updates a ConfigMgr object. The properties to update have to be supplied by the Property parameter.
</maml:para>
</maml:description>
<command:syntax><command:syntaxItem><maml:name>Set-CMInstance</maml:name>
<command:parameter required="true" variableLength="true" globbing="false" pipelineInput="False" position="named" aliases="Class"><maml:name>ClassName</maml:name>
<maml:Description><maml:para>Specifies the ConfigMgr WMI provider Class Name
</maml:para>
</maml:Description>
<command:parameterValue required="true" variableLength="false">String</command:parameterValue>
<dev:type><maml:name>String</maml:name>
<maml:uri /></dev:type>
<dev:defaultValue>None</dev:defaultValue>
</command:parameter>
<command:parameter required="true" variableLength="true" globbing="false" pipelineInput="False" position="named" aliases="none"><maml:name>Filter</maml:name>
<maml:Description><maml:para>Specifies the Filter
</maml:para>
</maml:Description>
<command:parameterValue required="true" variableLength="false">String</command:parameterValue>
<dev:type><maml:name>String</maml:name>
<maml:uri /></dev:type>
<dev:defaultValue>None</dev:defaultValue>
</command:parameter>
<command:parameter required="true" variableLength="true" globbing="false" pipelineInput="False" position="named" aliases="none"><maml:name>Property</maml:name>
<maml:Description><maml:para>Specifies the properties to be set on the instance. Should be a hashtable with key/name pairs.
</maml:para>
</maml:Description>
<command:parameterValue required="true" variableLength="false">Hashtable</command:parameterValue>
<dev:type><maml:name>Hashtable</maml:name>
<maml:uri /></dev:type>
<dev:defaultValue>None</dev:defaultValue>
</command:parameter>
<command:parameter required="false" variableLength="true" globbing="false" pipelineInput="False" position="named" aliases="none"><maml:name>PassThru</maml:name>
<maml:Description><maml:para>Specifies if updated object shall be returned
</maml:para>
</maml:Description>
<dev:type><maml:name>SwitchParameter</maml:name>
<maml:uri /></dev:type>
<dev:defaultValue>False</dev:defaultValue>
</command:parameter>
<command:parameter required="false" variableLength="true" globbing="false" pipelineInput="False" position="named" aliases="wi"><maml:name>WhatIf</maml:name>
<maml:Description><maml:para>Shows what would happen if the cmdlet runs. The cmdlet is not run.
</maml:para>
</maml:Description>
<dev:type><maml:name>SwitchParameter</maml:name>
<maml:uri /></dev:type>
<dev:defaultValue>False</dev:defaultValue>
</command:parameter>
<command:parameter required="false" variableLength="true" globbing="false" pipelineInput="False" position="named" aliases="cf"><maml:name>Confirm</maml:name>
<maml:Description><maml:para>Prompts you for confirmation before running the cmdlet.
</maml:para>
</maml:Description>
<dev:type><maml:name>SwitchParameter</maml:name>
<maml:uri /></dev:type>
<dev:defaultValue>False</dev:defaultValue>
</command:parameter>
</command:syntaxItem>
<command:syntaxItem><maml:name>Set-CMInstance</maml:name>
<command:parameter required="true" variableLength="true" globbing="false" pipelineInput="True (ByPropertyName, ByValue)" position="named" aliases="ClassInstance"><maml:name>InputObject</maml:name>
<maml:Description><maml:para>Specifies the ConfigMgr WMI provider object
</maml:para>
</maml:Description>
<command:parameterValue required="true" variableLength="false">Object</command:parameterValue>
<dev:type><maml:name>Object</maml:name>
<maml:uri /></dev:type>
<dev:defaultValue>None</dev:defaultValue>
</command:parameter>
<command:parameter required="true" variableLength="true" globbing="false" pipelineInput="False" position="named" aliases="none"><maml:name>Property</maml:name>
<maml:Description><maml:para>Specifies the properties to be set on the instance. Should be a hashtable with key/name pairs.
</maml:para>
</maml:Description>
<command:parameterValue required="true" variableLength="false">Hashtable</command:parameterValue>
<dev:type><maml:name>Hashtable</maml:name>
<maml:uri /></dev:type>
<dev:defaultValue>None</dev:defaultValue>
</command:parameter>
<command:parameter required="false" variableLength="true" globbing="false" pipelineInput="False" position="named" aliases="none"><maml:name>PassThru</maml:name>
<maml:Description><maml:para>Specifies if updated object shall be returned
</maml:para>
</maml:Description>
<dev:type><maml:name>SwitchParameter</maml:name>
<maml:uri /></dev:type>
<dev:defaultValue>False</dev:defaultValue>
</command:parameter>
<command:parameter required="false" variableLength="true" globbing="false" pipelineInput="False" position="named" aliases="wi"><maml:name>WhatIf</maml:name>
<maml:Description><maml:para>Shows what would happen if the cmdlet runs. The cmdlet is not run.
</maml:para>
</maml:Description>
<dev:type><maml:name>SwitchParameter</maml:name>
<maml:uri /></dev:type>
<dev:defaultValue>False</dev:defaultValue>
</command:parameter>
<command:parameter required="false" variableLength="true" globbing="false" pipelineInput="False" position="named" aliases="cf"><maml:name>Confirm</maml:name>
<maml:Description><maml:para>Prompts you for confirmation before running the cmdlet.
</maml:para>
</maml:Description>
<dev:type><maml:name>SwitchParameter</maml:name>
<maml:uri /></dev:type>
<dev:defaultValue>False</dev:defaultValue>
</command:parameter>
</command:syntaxItem>
</command:syntax>
<command:parameters><command:parameter required="true" variableLength="true" globbing="false" pipelineInput="False" position="named" aliases="Class"><maml:name>ClassName</maml:name>
<maml:Description><maml:para>Specifies the ConfigMgr WMI provider Class Name
</maml:para>
</maml:Description>
<command:parameterValue required="true" variableLength="false">String</command:parameterValue>
<dev:type><maml:name>String</maml:name>
<maml:uri /></dev:type>
<dev:defaultValue>None</dev:defaultValue>
</command:parameter>
<command:parameter required="true" variableLength="true" globbing="false" pipelineInput="False" position="named" aliases="none"><maml:name>Filter</maml:name>
<maml:Description><maml:para>Specifies the Filter
</maml:para>
</maml:Description>
<command:parameterValue required="true" variableLength="false">String</command:parameterValue>
<dev:type><maml:name>String</maml:name>
<maml:uri /></dev:type>
<dev:defaultValue>None</dev:defaultValue>
</command:parameter>
<command:parameter required="true" variableLength="true" globbing="false" pipelineInput="True (ByPropertyName, ByValue)" position="named" aliases="ClassInstance"><maml:name>InputObject</maml:name>
<maml:Description><maml:para>Specifies the ConfigMgr WMI provider object
</maml:para>
</maml:Description>
<command:parameterValue required="true" variableLength="false">Object</command:parameterValue>
<dev:type><maml:name>Object</maml:name>
<maml:uri /></dev:type>
<dev:defaultValue>None</dev:defaultValue>
</command:parameter>
<command:parameter required="true" variableLength="true" globbing="false" pipelineInput="False" position="named" aliases="none"><maml:name>Property</maml:name>
<maml:Description><maml:para>Specifies the properties to be set on the instance. Should be a hashtable with key/name pairs.
</maml:para>
</maml:Description>
<command:parameterValue required="true" variableLength="false">Hashtable</command:parameterValue>
<dev:type><maml:name>Hashtable</maml:name>
<maml:uri /></dev:type>
<dev:defaultValue>None</dev:defaultValue>
</command:parameter>
<command:parameter required="false" variableLength="true" globbing="false" pipelineInput="False" position="named" aliases="none"><maml:name>PassThru</maml:name>
<maml:Description><maml:para>Specifies if updated object shall be returned
</maml:para>
</maml:Description>
<command:parameterValue required="false" variableLength="false">SwitchParameter</command:parameterValue>
<dev:type><maml:name>SwitchParameter</maml:name>
<maml:uri /></dev:type>
<dev:defaultValue>False</dev:defaultValue>
</command:parameter>
<command:parameter required="false" variableLength="true" globbing="false" pipelineInput="False" position="named" aliases="wi"><maml:name>WhatIf</maml:name>
<maml:Description><maml:para>Shows what would happen if the cmdlet runs. The cmdlet is not run.
</maml:para>
</maml:Description>
<command:parameterValue required="false" variableLength="false">SwitchParameter</command:parameterValue>
<dev:type><maml:name>SwitchParameter</maml:name>
<maml:uri /></dev:type>
<dev:defaultValue>False</dev:defaultValue>
</command:parameter>
<command:parameter required="false" variableLength="true" globbing="false" pipelineInput="False" position="named" aliases="cf"><maml:name>Confirm</maml:name>
<maml:Description><maml:para>Prompts you for confirmation before running the cmdlet.
</maml:para>
</maml:Description>
<command:parameterValue required="false" variableLength="false">SwitchParameter</command:parameterValue>
<dev:type><maml:name>SwitchParameter</maml:name>
<maml:uri /></dev:type>
<dev:defaultValue>False</dev:defaultValue>
</command:parameter>
</command:parameters>
<command:inputTypes></command:inputTypes>
<command:returnValues></command:returnValues>
<maml:alertSet><maml:alert><maml:para>
</maml:para>
</maml:alert>
</maml:alertSet>
<command:examples><command:example><maml:title>-------------------------- EXAMPLE 1 --------------------------</maml:title>
<dev:code>$Pkg = Get-CMInstance -ClassName SMS_Package -Filter "PackageID = 'TST00001'"</dev:code>
<dev:remarks><maml:para>$Pkg | Set-CMInstance -Properties @{Description = "Update Me"} Updates the Description of the specified ConfigMgr package.
</maml:para>
</dev:remarks>
</command:example>
<command:example><maml:title>-------------------------- EXAMPLE 2 --------------------------</maml:title>
<dev:code>Set-CMInstance -ClassName SMS_Package -Filter "PackageID = 'TST00001'" -Properties @{Description = "Update Me"}</dev:code>
<dev:remarks><maml:para>Updates the Description of the specified ConfigMgr package.
</maml:para>
</dev:remarks>
</command:example>
</command:examples>
<command:relatedLinks></command:relatedLinks>
</command:command>
<command:command xmlns:maml="http://schemas.microsoft.com/maml/2004/10" xmlns:command="http://schemas.microsoft.com/maml/dev/command/2004/10" xmlns:dev="http://schemas.microsoft.com/maml/dev/2004/10" xmlns:MSHelp="http://msdn.microsoft.com/mshelp">
<command:details><command:name>Write-Log</command:name>
<command:verb>Write</command:verb>
<command:noun>Log</command:noun>
<maml:description><maml:para>Write-Log writes a message to a specified log file with the current time stamp.
</maml:para>
</maml:description>
</command:details>
<maml:description><maml:para>The Write-Log function is designed to add logging capability to other scripts. In addition to writing output and/or verbose you can write to a log file for later debugging.
</maml:para>
</maml:description>
<command:syntax><command:syntaxItem><maml:name>Write-Log</maml:name>
<command:parameter required="true" variableLength="true" globbing="false" pipelineInput="True (ByPropertyName)" position="1" aliases="LogContent"><maml:name>Message</maml:name>
<maml:Description><maml:para>Defines the content that should be added to the log file.
</maml:para>
</maml:Description>
<command:parameterValue required="true" variableLength="false">String</command:parameterValue>
<dev:type><maml:name>String</maml:name>
<maml:uri /></dev:type>
<dev:defaultValue>None</dev:defaultValue>
</command:parameter>
<command:parameter required="false" variableLength="true" globbing="false" pipelineInput="False" position="2" aliases="LogPath"><maml:name>Path</maml:name>
<maml:Description><maml:para>The path to the log file to which the Message shall be written. Path and file will be created if it does not exist. If omitted function will use the $LogPath variable defined on script or global level. If that isn't set as well, function will fail
</maml:para>
</maml:Description>
<command:parameterValue required="true" variableLength="false">String</command:parameterValue>
<dev:type><maml:name>String</maml:name>
<maml:uri /></dev:type>
<dev:defaultValue>None</dev:defaultValue>
</command:parameter>
<command:parameter required="false" variableLength="true" globbing="false" pipelineInput="False" position="3" aliases="Level"><maml:name>Severity</maml:name>
<maml:Description><maml:para>Defines the criticality of the log information being written to the log. Can be any of Error, Warning, Informational Default is Info
</maml:para>
</maml:Description>
<command:parameterValue required="true" variableLength="false">String</command:parameterValue>
<dev:type><maml:name>String</maml:name>
<maml:uri /></dev:type>
<dev:defaultValue>Info</dev:defaultValue>
</command:parameter>
<command:parameter required="false" variableLength="true" globbing="false" pipelineInput="False" position="named" aliases="none"><maml:name>PassThru</maml:name>
<maml:Description><maml:para>Defines if the Message should be passed through the pipeline. Severity will be mapped to the corresponding Write-Verbose, Write-Warning or Write-Error functions
</maml:para>
</maml:Description>
<dev:type><maml:name>SwitchParameter</maml:name>
<maml:uri /></dev:type>
<dev:defaultValue>False</dev:defaultValue>
</command:parameter>
<command:parameter required="false" variableLength="true" globbing="false" pipelineInput="False" position="named" aliases="AsText, a"><maml:name>AsPlainText</maml:name>
<maml:Description><maml:para>Defines if the message should be written as plain text message. On default, System Center Configuration Manager log format is used.
</maml:para>
</maml:Description>
<dev:type><maml:name>SwitchParameter</maml:name>
<maml:uri /></dev:type>
<dev:defaultValue>False</dev:defaultValue>
</command:parameter>
</command:syntaxItem>
</command:syntax>
<command:parameters><command:parameter required="true" variableLength="true" globbing="false" pipelineInput="True (ByPropertyName)" position="1" aliases="LogContent"><maml:name>Message</maml:name>
<maml:Description><maml:para>Defines the content that should be added to the log file.
</maml:para>
</maml:Description>
<command:parameterValue required="true" variableLength="false">String</command:parameterValue>
<dev:type><maml:name>String</maml:name>
<maml:uri /></dev:type>
<dev:defaultValue>None</dev:defaultValue>
</command:parameter>
<command:parameter required="false" variableLength="true" globbing="false" pipelineInput="False" position="2" aliases="LogPath"><maml:name>Path</maml:name>
<maml:Description><maml:para>The path to the log file to which the Message shall be written. Path and file will be created if it does not exist. If omitted function will use the $LogPath variable defined on script or global level. If that isn't set as well, function will fail
</maml:para>
</maml:Description>
<command:parameterValue required="true" variableLength="false">String</command:parameterValue>
<dev:type><maml:name>String</maml:name>
<maml:uri /></dev:type>
<dev:defaultValue>None</dev:defaultValue>
</command:parameter>
<command:parameter required="false" variableLength="true" globbing="false" pipelineInput="False" position="3" aliases="Level"><maml:name>Severity</maml:name>
<maml:Description><maml:para>Defines the criticality of the log information being written to the log. Can be any of Error, Warning, Informational Default is Info
</maml:para>
</maml:Description>
<command:parameterValue required="true" variableLength="false">String</command:parameterValue>
<dev:type><maml:name>String</maml:name>
<maml:uri /></dev:type>
<dev:defaultValue>Info</dev:defaultValue>
</command:parameter>
<command:parameter required="false" variableLength="true" globbing="false" pipelineInput="False" position="named" aliases="none"><maml:name>PassThru</maml:name>
<maml:Description><maml:para>Defines if the Message should be passed through the pipeline. Severity will be mapped to the corresponding Write-Verbose, Write-Warning or Write-Error functions
</maml:para>
</maml:Description>
<command:parameterValue required="false" variableLength="false">SwitchParameter</command:parameterValue>
<dev:type><maml:name>SwitchParameter</maml:name>
<maml:uri /></dev:type>
<dev:defaultValue>False</dev:defaultValue>
</command:parameter>
<command:parameter required="false" variableLength="true" globbing="false" pipelineInput="False" position="named" aliases="AsText, a"><maml:name>AsPlainText</maml:name>
<maml:Description><maml:para>Defines if the message should be written as plain text message. On default, System Center Configuration Manager log format is used.
</maml:para>
</maml:Description>
<command:parameterValue required="false" variableLength="false">SwitchParameter</command:parameterValue>
<dev:type><maml:name>SwitchParameter</maml:name>
<maml:uri /></dev:type>
<dev:defaultValue>False</dev:defaultValue>
</command:parameter>
</command:parameters>
<command:inputTypes></command:inputTypes>
<command:returnValues></command:returnValues>
<maml:alertSet><maml:alert><maml:para>
</maml:para>
</maml:alert>
</maml:alertSet>
<command:examples><command:example><maml:title>-------------------------- EXAMPLE 1 --------------------------</maml:title>
<dev:code>Write-Log -Message 'Log message'</dev:code>
<dev:remarks><maml:para>Writes the message to c:\Logs\PowerShellLog.log.
</maml:para>
</dev:remarks>
</command:example>
<command:example><maml:title>-------------------------- EXAMPLE 2 --------------------------</maml:title>
<dev:code>Write-Log -Message 'Restarting Server.' -Path c:\Logs\Scriptoutput.log</dev:code>
<dev:remarks><maml:para>Writes the content to the specified log file and creates the path and file specified.
</maml:para>
</dev:remarks>
</command:example>
<command:example><maml:title>-------------------------- EXAMPLE 3 --------------------------</maml:title>
<dev:code>Write-Log -Message 'Folder does not exist.' -Path c:\Logs\Script.log -Level Error</dev:code>
<dev:remarks><maml:para>Writes the message to the specified log file as an error message, and writes the message to the error pipeline.
</maml:para>
</dev:remarks>
</command:example>
</command:examples>
<command:relatedLinks></command:relatedLinks>
</command:command>
</helpItems>
